Sample Number,ID,State,Type
1,GHV1208,active,client
2,GHV7865,queued,client
3,HTG6574,hold,job
4,VSI8492,active,client
5,QRMP0478,active,job
6,JKG7892,active,client
7,IUT7254,queued,client
8,QRT5203,hold,job
9,POU1274,active,client
10,HJI8593,active,job
11,WYI4239,active,client
12,IDX1029,queued,client
13,BBM5824,hold,job
14,YQW6832,active,client
15,WGL9605,active,job
16,MCD8293,active,client
17,AYH9283,queued,client
18,RWK0293,hold,job
19,IUD1205,active,client
20,OUR7324,active,job
21,KOP0234,active,client
22,UHG3234,queued,client
23,WER2693,hold,job
24,DFG9485,active,client
25,RTY9247,active,job
26,POT9873,active,client
27,HBT0289,queued,client
28,JHW0923,hold,job
29,BMG9586,active,client
30,ZXV2937,active,job
